{
  "mean_predicted": [
    0.05870732307219633,
    0.15360620302011374,
    0.25306727550614033,
    0.3512122749161732,
    0.4508228925507937,
    0.549834686122684,
    0.6493028930477994,
    0.7479510193130706,
    0.8451449068541956,
    0.9329125919193229
  ],
  "empirical": [
    0.042112776588151324,
    0.1289502361060661,
    0.2273932963588136,
    0.318138831095139,
    0.41020543406229293,
    0.5184185455700222,
    0.6194809571958207,
    0.7377586560131121,
    0.8434358818154127,
    0.9591836734693877
  ],
  "count": [
    1401.0,
    2753.0,
    4147.0,
    5287.0,
    6036.0,
    6298.0,
    5934.0,
    4881.0,
    3283.0,
    1225.0
  ]
}