{
  "mean_predicted": [
    0.0586404328276113,
    0.15367415452148273,
    0.25312169368772286,
    0.3512277084031518,
    0.4509057528419414,
    0.5498752349813109,
    0.6492379319929398,
    0.7479035937001458,
    0.8451281759752379,
    0.9329397436917418
  ],
  "empirical": [
    0.04151753758052971,
    0.12940748818611414,
    0.22740454325761236,
    0.3177004538577912,
    0.410974801061008,
    0.5176695319961796,
    0.6197301854974705,
    0.7370362779258045,
    0.8438356164383561,
    0.9591169255928046
  ],
  "count": [
    1397.0,
    2751.0,
    4138.0,
    5288.0,
    6032.0,
    6282.0,
    5930.0,
    4879.0,
    3285.0,
    1223.0
  ]
}