{
  "mean_predicted": [
    0.058695212156206815,
    0.1536274233171313,
    0.25306158981782095,
    0.3511964921651573,
    0.4508654789130661,
    0.549858517703429,
    0.6492408656589856,
    0.7479413370968984,
    0.8451748943516021,
    0.9329319596611403
  ],
  "empirical": [
    0.04214285714285714,
    0.12936046511627908,
    0.22713009896210476,
    0.318138831095139,
    0.41033283656234476,
    0.5177293687390682,
    0.6194809571958207,
    0.7378123719786972,
    0.8433404449862847,
    0.9591169255928046
  ],
  "count": [
    1400.0,
    2752.0,
    4143.0,
    5287.0,
    6039.0,
    6289.0,
    5934.0,
    4882.0,
    3281.0,
    1223.0
  ]
}