{
  "mean_predicted": [
    0.05867104848720463,
    0.15362004364886836,
    0.2530786726129097,
    0.3512146483019761,
    0.4508566260554992,
    0.5498309835289986,
    0.6492590546533891,
    0.7479576040802459,
    0.8451700611506632,
    0.9329332194279868
  ],
  "empirical": [
    0.04214285714285714,
    0.12921960072595282,
    0.22713009896210476,
    0.3183364839319471,
    0.41007790485662193,
    0.5182006040375139,
    0.6196091644204852,
    0.7374461979913917,
    0.8439024390243902,
    0.9591169255928046
  ],
  "count": [
    1400.0,
    2755.0,
    4143.0,
    5290.0,
    6033.0,
    6291.0,
    5936.0,
    4879.0,
    3280.0,
    1223.0
  ]
}