{
  "mean_predicted": [
    0.05862364213376149,
    0.1536538135178119,
    0.2532508157802201,
    0.35126982687690445,
    0.4508731393447746,
    0.549813190002581,
    0.6491757078839586,
    0.7479920643233114,
    0.8452255707933448,
    0.9328874640674363
  ],
  "empirical": [
    0.04151753758052971,
    0.1292318893338187,
    0.2273714699493121,
    0.3179837028614743,
    0.4104391052195526,
    0.5179454458446323,
    0.6197135636057287,
    0.7375,
    0.8442948914040991,
    0.9591169255928046
  ],
  "count": [
    1397.0,
    2747.0,
    4143.0,
    5277.0,
    6035.0,
    6269.0,
    5935.0,
    4880.0,
    3269.0,
    1223.0
  ]
}