{
  "mean_predicted": [
    0.0586151861854674,
    0.15367684981485868,
    0.2531402727618366,
    0.3512019114284303,
    0.4508669253229179,
    0.5498425653565423,
    0.649255945908313,
    0.7479866093957306,
    0.8451801670402721,
    0.932918119138302
  ],
  "empirical": [
    0.04154727793696275,
    0.1291378683157512,
    0.22721779066956732,
    0.31769157994323555,
    0.411208754767037,
    0.5177519503263811,
    0.6193765796124684,
    0.7372846595570139,
    0.8440646933170582,
    0.9591169255928046
  ],
  "count": [
    1396.0,
    2749.0,
    4137.0,
    5285.0,
    6031.0,
    6281.0,
    5935.0,
    4876.0,
    3277.0,
    1223.0
  ]
}