{
  "mean_predicted": [
    0.05866778705744451,
    0.15358539301430155,
    0.2530629658972367,
    0.351232319166658,
    0.4509057467013198,
    0.5499066333592891,
    0.6493300696291939,
    0.7479493637468583,
    0.8450958669469543,
    0.9329358675891248
  ],
  "empirical": [
    0.04145818441744103,
    0.12858699600435888,
    0.22787557270315892,
    0.317838246409675,
    0.4100397614314115,
    0.5181067344345617,
    0.6195450716090986,
    0.7382660381225661,
    0.8424574209245742,
    0.9591836734693877
  ],
  "count": [
    1399.0,
    2753.0,
    4147.0,
    5292.0,
    6036.0,
    6296.0,
    5935.0,
    4879.0,
    3288.0,
    1225.0
  ]
}