{
  "mean_predicted": [
    0.0586799270509432,
    0.1535887025072571,
    0.25306184433175943,
    0.3511913874646543,
    0.4508520165100857,
    0.5498810828488125,
    0.649328875966065,
    0.7479700102241671,
    0.8451285087422326,
    0.9328996710776074
  ],
  "empirical": [
    0.04214285714285714,
    0.12863372093023256,
    0.2277992277992278,
    0.31800983730609156,
    0.4100993377483444,
    0.5183537263626251,
    0.6194407008086253,
    0.7380610780897725,
    0.8428745432399513,
    0.9592169657422512
  ],
  "count": [
    1400.0,
    2752.0,
    4144.0,
    5286.0,
    6040.0,
    6293.0,
    5936.0,
    4879.0,
    3284.0,
    1226.0
  ]
}