{
  "mean_predicted": [
    0.058645722015635976,
    0.15359179508242193,
    0.2530542703179785,
    0.3511762129791267,
    0.45082719828176554,
    0.5498383687118172,
    0.6492926424936352,
    0.7479594072338964,
    0.8451459607907306,
    0.93290464744905
  ],
  "empirical": [
    0.04217298070050036,
    0.1288098693759071,
    0.22742636407532593,
    0.3180786686838124,
    0.410235177210997,
    0.5180301826846704,
    0.6192722371967655,
    0.7380172060630888,
    0.8431312823636917,
    0.9592169657422512
  ],
  "count": [
    1399.0,
    2756.0,
    4142.0,
    5288.0,
    6038.0,
    6295.0,
    5936.0,
    4882.0,
    3283.0,
    1226.0
  ]
}