{
  "mean_predicted": [
    0.0586860877092111,
    0.1536513234585261,
    0.25309830506398745,
    0.3512069309197069,
    0.45087923412536635,
    0.5498838723657804,
    0.649297626505635,
    0.7479499410451003,
    0.8451585671092664,
    0.9329179457781281
  ],
  "empirical": [
    0.04145818441744103,
    0.1294885745375408,
    0.2273166023166023,
    0.3178983178983179,
    0.4106640172213943,
    0.5177890724269377,
    0.6193526635198922,
    0.7383828045035824,
    0.8427787934186471,
    0.9591836734693877
  ],
  "count": [
    1399.0,
    2757.0,
    4144.0,
    5291.0,
    6039.0,
    6296.0,
    5932.0,
    4885.0,
    3282.0,
    1225.0
  ]
}