{
  "mean_predicted": [
    0.05875947938259507,
    0.15367913486053106,
    0.2530889544410753,
    0.351275310424493,
    0.45089891535297244,
    0.5498361960439752,
    0.6492646293783465,
    0.7479716735333665,
    0.8452118032095478,
    0.9330060570709156
  ],
  "empirical": [
    0.042112776588151324,
    0.12954876273653565,
    0.2273714699493121,
    0.31802721088435376,
    0.4103883172917358,
    0.5182006040375139,
    0.6195853699646048,
    0.7373489039131326,
    0.843483556638246,
    0.959049959049959
  ],
  "count": [
    1401.0,
    2748.0,
    4143.0,
    5292.0,
    6026.0,
    6291.0,
    5933.0,
    4881.0,
    3284.0,
    1221.0
  ]
}