{
  "mean_predicted": [
    0.05867269570554215,
    0.1535776733502771,
    0.25304312453320454,
    0.3512157214437694,
    0.4509045253854454,
    0.549925225235318,
    0.6492823258077204,
    0.747935792264961,
    0.8451143719309656,
    0.9329717060254288
  ],
  "empirical": [
    0.04145818441744103,
    0.12817719680464779,
    0.22752470474813208,
    0.3183364839319471,
    0.4101504380889403,
    0.5184419713831478,
    0.6192080876158382,
    0.7378660659430678,
    0.8426488456865128,
    0.9591503267973857
  ],
  "count": [
    1399.0,
    2754.0,
    4149.0,
    5290.0,
    6049.0,
    6290.0,
    5935.0,
    4883.0,
    3292.0,
    1224.0
  ]
}