{
  "mean_predicted": [
    0.058640337608684895,
    0.15367086896691803,
    0.25318461213076965,
    0.3512556808815339,
    0.4509000614966403,
    0.5498328427999459,
    0.6491805602374048,
    0.747964746921543,
    0.8452172803862128,
    0.9328913141973353
  ],
  "empirical": [
    0.0408017179670723,
    0.12964311726147124,
    0.22772277227722773,
    0.3173040514956456,
    0.4106048053024027,
    0.5179282868525896,
    0.6198583951449764,
    0.7372516895351219,
    0.844084377866096,
    0.9591169255928046
  ],
  "count": [
    1397.0,
    2746.0,
    4141.0,
    5282.0,
    6035.0,
    6275.0,
    5932.0,
    4883.0,
    3271.0,
    1223.0
  ]
}