{
  "mean_predicted": [
    0.05867264722885148,
    0.15364012949094707,
    0.25307934967275003,
    0.3512046060900769,
    0.45089581072657176,
    0.5499106302015111,
    0.6493316024594208,
    0.7479539532519001,
    0.8451252847401779,
    0.9329042299984704
  ],
  "empirical": [
    0.04145818441744103,
    0.1291258614435981,
    0.22772277227722773,
    0.3175892688456452,
    0.41056641271944355,
    0.5180359129191164,
    0.6194168211697286,
    0.7381147540983607,
    0.8426179604261796,
    0.9592169657422512
  ],
  "count": [
    1399.0,
    2757.0,
    4141.0,
    5293.0,
    6038.0,
    6293.0,
    5933.0,
    4880.0,
    3285.0,
    1226.0
  ]
}