{
  "mean_predicted": [
    0.0586775803257464,
    0.1536298567170603,
    0.25309037070814183,
    0.3512196546269336,
    0.45088067678474564,
    0.5498456249868805,
    0.649245587060097,
    0.7479482320743949,
    0.845186367706931,
    0.9329514548868829
  ],
  "empirical": [
    0.04214285714285714,
    0.12921960072595282,
    0.22718493481409946,
    0.3180873180873181,
    0.4103711066931743,
    0.517970737913486,
    0.6201145552560647,
    0.7375,
    0.8435975609756098,
    0.9590834697217676
  ],
  "count": [
    1400.0,
    2755.0,
    4142.0,
    5291.0,
    6036.0,
    6288.0,
    5936.0,
    4880.0,
    3280.0,
    1222.0
  ]
}