{
  "mean_predicted": [
    0.058564651526667524,
    0.15379430755111395,
    0.25326338746949323,
    0.35128614369273714,
    0.45099597917696643,
    0.5499357130088458,
    0.649300570572017,
    0.748045053149194,
    0.8451047509923736,
    0.9328998426004326
  ],
  "empirical": [
    0.040229885057471264,
    0.12918486171761281,
    0.22746051032806805,
    0.31799242424242424,
    0.40989047461002326,
    0.5186900958466454,
    0.6204219409282701,
    0.7361168243521184,
    0.8447642375995101,
    0.959049959049959
  ],
  "count": [
    1392.0,
    2748.0,
    4115.0,
    5280.0,
    6026.0,
    6260.0,
    5925.0,
    4862.0,
    3266.0,
    1221.0
  ]
}