{
  "mean_predicted": [
    0.0586076850833881,
    0.15363794423342936,
    0.2531725642863044,
    0.35127362886319075,
    0.45089561502529224,
    0.5497996795509237,
    0.6491809423907936,
    0.7479542209369064,
    0.8451892705595944,
    0.9328955111746949
  ],
  "empirical": [
    0.04083094555873926,
    0.1295959228248999,
    0.2277992277992278,
    0.31743327654741627,
    0.41080901856763924,
    0.5178457616316124,
    0.619777628032345,
    0.7370901639344263,
    0.844179651695692,
    0.9591169255928046
  ],
  "count": [
    1396.0,
    2747.0,
    4144.0,
    5283.0,
    6032.0,
    6276.0,
    5936.0,
    4880.0,
    3273.0,
    1223.0
  ]
}