{
  "mean_predicted": [
    0.05870514201934203,
    0.15363677187278368,
    0.2530887082760927,
    0.3512079855112525,
    0.4508488463935933,
    0.5498409445206691,
    0.649251182987717,
    0.7479212556116709,
    0.8451233519509062,
    0.9328867157594066
  ],
  "empirical": [
    0.042112776588151324,
    0.12931347620777334,
    0.22707528957528958,
    0.318267776096823,
    0.410235177210997,
    0.5180416467970116,
    0.6194809571958207,
    0.7379098360655738,
    0.8430356598597989,
    0.9591836734693877
  ],
  "count": [
    1401.0,
    2753.0,
    4144.0,
    5288.0,
    6038.0,
    6291.0,
    5934.0,
    4880.0,
    3281.0,
    1225.0
  ]
}