{
  "mean_predicted": [
    0.05865793051289369,
    0.15365618933267847,
    0.2530975528572722,
    0.35126192634582526,
    0.4509242067590378,
    0.54985539729085,
    0.6492653447578283,
    0.7479541911804894,
    0.8451364715656094,
    0.9329549145070871
  ],
  "empirical": [
    0.04151753758052971,
    0.1297709923664122,
    0.22692121797970033,
    0.3182161753590325,
    0.4106520657043305,
    0.5179764556156539,
    0.619336365167593,
    0.7373923739237392,
    0.8435788192331102,
    0.9591169255928046
  ],
  "count": [
    1397.0,
    2751.0,
    4138.0,
    5292.0,
    6027.0,
    6286.0,
    5937.0,
    4878.0,
    3286.0,
    1223.0
  ]
}