{
  "mean_predicted": [
    0.058661455661887546,
    0.15358142281202927,
    0.2530433600465747,
    0.35119741298010276,
    0.45086307836096745,
    0.5498834666134792,
    0.6493192039586059,
    0.7479323008248531,
    0.8451004287089704,
    0.9328808442590169
  ],
  "empirical": [
    0.04217298070050036,
    0.12899709302325582,
    0.22713009896210476,
    0.31820760068065795,
    0.4103711066931743,
    0.5180301826846704,
    0.6194168211697286,
    0.7376511580241852,
    0.8431312823636917,
    0.9592169657422512
  ],
  "count": [
    1399.0,
    2752.0,
    4143.0,
    5289.0,
    6036.0,
    6295.0,
    5933.0,
    4879.0,
    3283.0,
    1226.0
  ]
}