{
  "mean_predicted": [
    0.058681694394615194,
    0.15359857114115463,
    0.2530327784673836,
    0.35118963118436247,
    0.45093432808467826,
    0.5499420677540932,
    0.6493120453422977,
    0.747934238805387,
    0.8451175759541879,
    0.9329488553145809
  ],
  "empirical": [
    0.04145818441744103,
    0.12858699600435888,
    0.22804054054054054,
    0.31771817151492254,
    0.4099933818663137,
    0.5186009538950715,
    0.6193124368048534,
    0.7383732841630813,
    0.8424094919379373,
    0.9591503267973857
  ],
  "count": [
    1399.0,
    2753.0,
    4144.0,
    5294.0,
    6044.0,
    6290.0,
    5934.0,
    4881.0,
    3287.0,
    1224.0
  ]
}