{
  "mean_predicted": [
    0.05862491806052256,
    0.15364917744590298,
    0.25321383392963837,
    0.35125709164959407,
    0.45088646314576636,
    0.5498135464057053,
    0.6491802749110684,
    0.747949429281487,
    0.8451766409573478,
    0.932880354185354
  ],
  "empirical": [
    0.04151753758052971,
    0.129278951201748,
    0.22742636407532593,
    0.31799242424242424,
    0.41030313069405333,
    0.5181818181818182,
    0.6197135636057287,
    0.7373385277834734,
    0.844179651695692,
    0.9591169255928046
  ],
  "count": [
    1397.0,
    2746.0,
    4142.0,
    5280.0,
    6037.0,
    6270.0,
    5935.0,
    4877.0,
    3273.0,
    1223.0
  ]
}