{
  "mean_predicted": [
    0.05871783712228652,
    0.15361539409499214,
    0.2530642074509622,
    0.3512028504494066,
    0.4508439567366116,
    0.5498587806803761,
    0.6492984454147386,
    0.7478991040606244,
    0.8451001151795653,
    0.9328998418570219
  ],
  "empirical": [
    0.042112776588151324,
    0.12940748818611414,
    0.2272069464544139,
    0.318138831095139,
    0.410235177210997,
    0.518500873431793,
    0.6195212407282535,
    0.7376511580241852,
    0.8431790499390986,
    0.9591836734693877
  ],
  "count": [
    1401.0,
    2751.0,
    4146.0,
    5287.0,
    6038.0,
    6297.0,
    5932.0,
    4879.0,
    3284.0,
    1225.0
  ]
}