{
  "mean_predicted": [
    0.0586708216263783,
    0.1535785433916789,
    0.2530414704883906,
    0.35120584139376276,
    0.45091826342077124,
    0.5499497958011511,
    0.6492896416983981,
    0.7479261063389102,
    0.8450735482999292,
    0.9329483344863677
  ],
  "empirical": [
    0.04145818441744103,
    0.12817719680464779,
    0.22757955641272903,
    0.31801852902249955,
    0.4102098133157112,
    0.5186068702290076,
    0.6190395956192081,
    0.7378123719786972,
    0.8426488456865128,
    0.9591836734693877
  ],
  "count": [
    1399.0,
    2754.0,
    4148.0,
    5289.0,
    6053.0,
    6288.0,
    5935.0,
    4882.0,
    3292.0,
    1225.0
  ]
}