{
  "mean_predicted": [
    0.0586009322102286,
    0.1536560511801516,
    0.25316579051337795,
    0.35121720015235297,
    0.450870652298878,
    0.5498550656308361,
    0.649241257877689,
    0.7479877252873118,
    0.8452053607106961,
    0.9329234990398444
  ],
  "empirical": [
    0.04154727793696275,
    0.12936046511627908,
    0.22753623188405797,
    0.3172439901571077,
    0.4111700364600597,
    0.5183004455760662,
    0.6195853699646048,
    0.7370362779258045,
    0.844017094017094,
    0.9591169255928046
  ],
  "count": [
    1396.0,
    2752.0,
    4140.0,
    5283.0,
    6034.0,
    6284.0,
    5933.0,
    4879.0,
    3276.0,
    1223.0
  ]
}