{
  "mean_predicted": [
    0.058669645358254835,
    0.1536139509525515,
    0.2530796869858108,
    0.3512015759289726,
    0.4508676688081035,
    0.5498849393116234,
    0.6493342421069546,
    0.7479492687410231,
    0.8450990208704591,
    0.9329027899428597
  ],
  "empirical": [
    0.04145818441744103,
    0.12917271407837447,
    0.22774427020506635,
    0.3177693761814745,
    0.410235177210997,
    0.518500873431793,
    0.6192080876158382,
    0.7384173841738417,
    0.8423615337796714,
    0.9592169657422512
  ],
  "count": [
    1399.0,
    2756.0,
    4145.0,
    5290.0,
    6038.0,
    6297.0,
    5935.0,
    4878.0,
    3286.0,
    1226.0
  ]
}