{
  "mean_predicted": [
    0.05865274217248817,
    0.15362173058435458,
    0.2530805897572375,
    0.35118526674980266,
    0.4508753683418881,
    0.5498864889060314,
    0.6493085919988499,
    0.747965258399474,
    0.8451336065453654,
    0.932898845237022
  ],
  "empirical": [
    0.04148783977110158,
    0.1291258614435981,
    0.2273166023166023,
    0.31801852902249955,
    0.41046011254551473,
    0.5180359129191164,
    0.6192722371967655,
    0.7382220401474805,
    0.8428266829119707,
    0.9592169657422512
  ],
  "count": [
    1398.0,
    2757.0,
    4144.0,
    5289.0,
    6042.0,
    6293.0,
    5936.0,
    4882.0,
    3283.0,
    1226.0
  ]
}