{
  "mean_predicted": [
    0.05863682354493643,
    0.15368769127861026,
    0.2531731322976571,
    0.35124873635316967,
    0.45090705144749665,
    0.5498493248823826,
    0.6492204682272167,
    0.7479821981803267,
    0.8451971953502656,
    0.9329470001629527
  ],
  "empirical": [
    0.04151753758052971,
    0.1291378683157512,
    0.22772277227722773,
    0.31743327654741627,
    0.41100430891614187,
    0.5180050987890376,
    0.6195048004042446,
    0.7369823698236982,
    0.8444173276388042,
    0.9590834697217676
  ],
  "count": [
    1397.0,
    2749.0,
    4141.0,
    5283.0,
    6034.0,
    6276.0,
    5937.0,
    4878.0,
    3278.0,
    1222.0
  ]
}