{
  "mean_predicted": [
    0.0586652475618146,
    0.15353804381163902,
    0.25297931476186986,
    0.35120985730709103,
    0.450904959907214,
    0.5499041070096112,
    0.6493009688990196,
    0.7479536165483935,
    0.8450844707832785,
    0.9329621051263751
  ],
  "empirical": [
    0.04145818441744103,
    0.12790697674418605,
    0.22763443453098625,
    0.3183534743202417,
    0.4100612278669535,
    0.5181948196408708,
    0.6195048004042446,
    0.7375,
    0.8426966292134831,
    0.9591836734693877
  ],
  "count": [
    1399.0,
    2752.0,
    4147.0,
    5296.0,
    6043.0,
    6293.0,
    5937.0,
    4880.0,
    3293.0,
    1225.0
  ]
}