{
  "mean_predicted": [
    0.05861543025590283,
    0.15367856313859263,
    0.25314100131383577,
    0.3512496640483135,
    0.45092226384217327,
    0.5498671684571899,
    0.6492424434761206,
    0.7479584832684285,
    0.845231360512948,
    0.9330173744195723
  ],
  "empirical": [
    0.04154727793696275,
    0.12931347620777334,
    0.22740454325761236,
    0.3177693761814745,
    0.4108475700779565,
    0.5177462995384371,
    0.6197539187594808,
    0.7371007371007371,
    0.8437880633373934,
    0.9590163934426229
  ],
  "count": [
    1396.0,
    2753.0,
    4138.0,
    5290.0,
    6029.0,
    6283.0,
    5933.0,
    4884.0,
    3284.0,
    1220.0
  ]
}