{
  "mean_predicted": [
    0.05865086604929526,
    0.15368607303367407,
    0.25314429861673554,
    0.35128205605381985,
    0.4509436497757209,
    0.5498844067320849,
    0.6492419455020878,
    0.7479192001328828,
    0.8451775454796907,
    0.9329659405490762
  ],
  "empirical": [
    0.04151753758052971,
    0.1290909090909091,
    0.22777777777777777,
    0.31758034026465026,
    0.4108475700779565,
    0.5181470869149952,
    0.6196018893387314,
    0.7370362779258045,
    0.8437404812671337,
    0.9590834697217676
  ],
  "count": [
    1397.0,
    2750.0,
    4140.0,
    5290.0,
    6029.0,
    6282.0,
    5928.0,
    4879.0,
    3283.0,
    1222.0
  ]
}